ID	PHYLLO09_metaphlan2	PHYLLO10_metaphlan2	PHYLLO11_metaphlan2	PHYLLO12_metaphlan2	PHYLLO13_metaphlan2	PHYLLO14_metaphlan2	PHYLLO15_metaphlan2	PHYLLO16_metaphlan2	PHYLLO17_metaphlan2	PHYLLO18_metaphlan2	PHYLLO19_metaphlan2	PHYLLO20_metaphlan2	PHYLLO21_metaphlan2	PHYLLO22_metaphlan2	PHYLLO23_metaphlan2	PHYLLO24_metaphlan2	PHYLLO25_metaphlan2	PHYLLO26_metaphlan2	PHYLLO27_metaphlan2	PHYLLO28_metaphlan2	PHYLLO29_metaphlan2
#SampleID	Metaphlan2_Analysis	Metaphlan2_Analysis	Metaphlan2_Analysis	Metaphlan2_Analysis	Metaphlan2_Analysis	Metaphlan2_Analysis	Metaphlan2_Analysis	Metaphlan2_Analysis	Metaphlan2_Analysis	Metaphlan2_Analysis	Metaphlan2_Analysis	Metaphlan2_Analysis	Metaphlan2_Analysis	Metaphlan2_Analysis	Metaphlan2_Analysis	Metaphlan2_Analysis	Metaphlan2_Analysis	Metaphlan2_Analysis	Metaphlan2_Analysis	Metaphlan2_Analysis	Metaphlan2_Analysis
k__Bacteria	100.0	100.0	0.0	2.25199	100.0	100.0	100.0	54.25789	0.0	0.0	7.61778	30.42673	59.91137	74.55307	95.45522	84.39777	94.39863	38.59595	100.0	97.95371	100.0
k__Bacteria|p__Actinobacteria	22.25289	4.36697	0.0	0.0	0.0	0.0	0.0	0.0	0.0	0.0	7.61778	30.42673	0.0	11.52534	3.52233	0.0	0.0	1.2572	2.26486	46.91876	0.0
k__Bacteria|p__Actinobacteria|c__Actinobacteria	22.25289	4.36697	0.0	0.0	0.0	0.0	0.0	0.0	0.0	0.0	7.61778	30.42673	0.0	11.52534	3.52233	0.0	0.0	1.2572	2.26486	46.91876	0.0
k__Bacteria|p__Actinobacteria|c__Actinobacteria|o__Actinomycetales	22.25289	4.36697	0.0	0.0	0.0	0.0	0.0	0.0	0.0	0.0	7.61778	30.42673	0.0	11.52534	3.52233	0.0	0.0	1.2572	2.26486	46.91876	0.0
k__Bacteria|p__Actinobacteria|c__Actinobacteria|o__Actinomycetales|f__Corynebacteriaceae	2.43584	1.42951	0.0	0.0	0.0	0.0	0.0	0.0	0.0	0.0	0.0	0.0	0.0	0.0	3.52233	0.0	0.0	0.0	1.9226	20.54273	0.0
k__Bacteria|p__Actinobacteria|c__Actinobacteria|o__Actinomycetales|f__Corynebacteriaceae|g__Corynebacterium	2.43584	1.42951	0.0	0.0	0.0	0.0	0.0	0.0	0.0	0.0	0.0	0.0	0.0	0.0	3.52233	0.0	0.0	0.0	1.9226	20.54273	0.0
k__Bacteria|p__Actinobacteria|c__Actinobacteria|o__Actinomycetales|f__Corynebacteriaceae|g__Corynebacterium|s__Corynebacterium_maris	2.43584	1.42951	0.0	0.0	0.0	0.0	0.0	0.0	0.0	0.0	0.0	0.0	0.0	0.0	3.52233	0.0	0.0	0.0	1.9226	20.54273	0.0
k__Bacteria|p__Actinobacteria|c__Actinobacteria|o__Actinomycetales|f__Corynebacteriaceae|g__Corynebacterium|s__Corynebacterium_maris|t__GCF_000442645	2.43584	1.42951	0.0	0.0	0.0	0.0	0.0	0.0	0.0	0.0	0.0	0.0	0.0	0.0	3.52233	0.0	0.0	0.0	1.9226	20.54273	0.0
k__Bacteria|p__Actinobacteria|c__Actinobacteria|o__Actinomycetales|f__Dietziaceae	0.0	0.10358	0.0	0.0	0.0	0.0	0.0	0.0	0.0	0.0	0.0	0.0	0.0	0.0	0.0	0.0	0.0	0.0	0.0	0.0	0.0
k__Bacteria|p__Actinobacteria|c__Actinobacteria|o__Actinomycetales|f__Dietziaceae|g__Dietzia	0.0	0.10358	0.0	0.0	0.0	0.0	0.0	0.0	0.0	0.0	0.0	0.0	0.0	0.0	0.0	0.0	0.0	0.0	0.0	0.0	0.0
k__Bacteria|p__Actinobacteria|c__Actinobacteria|o__Actinomycetales|f__Dietziaceae|g__Dietzia|s__Dietzia_unclassified	0.0	0.10358	0.0	0.0	0.0	0.0	0.0	0.0	0.0	0.0	0.0	0.0	0.0	0.0	0.0	0.0	0.0	0.0	0.0	0.0	0.0
k__Bacteria|p__Actinobacteria|c__Actinobacteria|o__Actinomycetales|f__Geodermatophilaceae	0.76959	0.0	0.0	0.0	0.0	0.0	0.0	0.0	0.0	0.0	0.0	0.0	0.0	0.0	0.0	0.0	0.0	1.2572	0.34226	14.33606	0.0
k__Bacteria|p__Actinobacteria|c__Actinobacteria|o__Actinomycetales|f__Geodermatophilaceae|g__Geodermatophilaceae_unclassified	0.76959	0.0	0.0	0.0	0.0	0.0	0.0	0.0	0.0	0.0	0.0	0.0	0.0	0.0	0.0	0.0	0.0	1.2572	0.34226	14.33606	0.0
k__Bacteria|p__Actinobacteria|c__Actinobacteria|o__Actinomycetales|f__Microbacteriaceae	0.0	0.26264	0.0	0.0	0.0	0.0	0.0	0.0	0.0	0.0	0.0	0.0	0.0	0.0	0.0	0.0	0.0	0.0	0.0	12.03998	0.0
k__Bacteria|p__Actinobacteria|c__Actinobacteria|o__Actinomycetales|f__Microbacteriaceae|g__Microbacterium	0.0	0.26264	0.0	0.0	0.0	0.0	0.0	0.0	0.0	0.0	0.0	0.0	0.0	0.0	0.0	0.0	0.0	0.0	0.0	12.03998	0.0
k__Bacteria|p__Actinobacteria|c__Actinobacteria|o__Actinomycetales|f__Microbacteriaceae|g__Microbacterium|s__Microbacterium_testaceum	0.0	0.26264	0.0	0.0	0.0	0.0	0.0	0.0	0.0	0.0	0.0	0.0	0.0	0.0	0.0	0.0	0.0	0.0	0.0	12.03998	0.0
k__Bacteria|p__Actinobacteria|c__Actinobacteria|o__Actinomycetales|f__Microbacteriaceae|g__Microbacterium|s__Microbacterium_testaceum|t__GCF_000202635	0.0	0.26264	0.0	0.0	0.0	0.0	0.0	0.0	0.0	0.0	0.0	0.0	0.0	0.0	0.0	0.0	0.0	0.0	0.0	12.03998	0.0
k__Bacteria|p__Actinobacteria|c__Actinobacteria|o__Actinomycetales|f__Propionibacteriaceae	19.04746	2.57125	0.0	0.0	0.0	0.0	0.0	0.0	0.0	0.0	7.61778	30.42673	0.0	11.52534	0.0	0.0	0.0	0.0	0.0	0.0	0.0
k__Bacteria|p__Actinobacteria|c__Actinobacteria|o__Actinomycetales|f__Propionibacteriaceae|g__Propionibacteriaceae_unclassified	5.12915	2.46232	0.0	0.0	0.0	0.0	0.0	0.0	0.0	0.0	0.0	30.42673	0.0	11.52534	0.0	0.0	0.0	0.0	0.0	0.0	0.0
k__Bacteria|p__Actinobacteria|c__Actinobacteria|o__Actinomycetales|f__Propionibacteriaceae|g__Propionibacterium	13.9183	0.10893	0.0	0.0	0.0	0.0	0.0	0.0	0.0	0.0	7.61778	0.0	0.0	0.0	0.0	0.0	0.0	0.0	0.0	0.0	0.0
k__Bacteria|p__Actinobacteria|c__Actinobacteria|o__Actinomycetales|f__Propionibacteriaceae|g__Propionibacterium|s__Propionibacterium_acnes	13.9183	0.10893	0.0	0.0	0.0	0.0	0.0	0.0	0.0	0.0	7.61778	0.0	0.0	0.0	0.0	0.0	0.0	0.0	0.0	0.0	0.0
k__Bacteria|p__Actinobacteria|c__Actinobacteria|o__Actinomycetales|f__Propionibacteriaceae|g__Propionibacterium|s__Propionibacterium_acnes|t__Propionibacterium_acnes_unclassified	13.9183	0.10893	0.0	0.0	0.0	0.0	0.0	0.0	0.0	0.0	7.61778	0.0	0.0	0.0	0.0	0.0	0.0	0.0	0.0	0.0	0.0
k__Bacteria|p__Bacteroidetes	0.0	20.02224	0.0	0.0	0.0	0.0	0.0	0.0	0.0	0.0	0.0	0.0	0.0	0.0	0.0	0.0	0.0	0.0	0.0	0.0	0.0
k__Bacteria|p__Bacteroidetes|c__Flavobacteriia	0.0	0.88658	0.0	0.0	0.0	0.0	0.0	0.0	0.0	0.0	0.0	0.0	0.0	0.0	0.0	0.0	0.0	0.0	0.0	0.0	0.0
k__Bacteria|p__Bacteroidetes|c__Flavobacteriia|o__Flavobacteriales	0.0	0.88658	0.0	0.0	0.0	0.0	0.0	0.0	0.0	0.0	0.0	0.0	0.0	0.0	0.0	0.0	0.0	0.0	0.0	0.0	0.0
k__Bacteria|p__Bacteroidetes|c__Flavobacteriia|o__Flavobacteriales|f__Flavobacteriaceae	0.0	0.88658	0.0	0.0	0.0	0.0	0.0	0.0	0.0	0.0	0.0	0.0	0.0	0.0	0.0	0.0	0.0	0.0	0.0	0.0	0.0
k__Bacteria|p__Bacteroidetes|c__Flavobacteriia|o__Flavobacteriales|f__Flavobacteriaceae|g__Chryseobacterium	0.0	0.88658	0.0	0.0	0.0	0.0	0.0	0.0	0.0	0.0	0.0	0.0	0.0	0.0	0.0	0.0	0.0	0.0	0.0	0.0	0.0
k__Bacteria|p__Bacteroidetes|c__Flavobacteriia|o__Flavobacteriales|f__Flavobacteriaceae|g__Chryseobacterium|s__Chryseobacterium_unclassified	0.0	0.88658	0.0	0.0	0.0	0.0	0.0	0.0	0.0	0.0	0.0	0.0	0.0	0.0	0.0	0.0	0.0	0.0	0.0	0.0	0.0
k__Bacteria|p__Bacteroidetes|c__Sphingobacteriia	0.0	19.13565	0.0	0.0	0.0	0.0	0.0	0.0	0.0	0.0	0.0	0.0	0.0	0.0	0.0	0.0	0.0	0.0	0.0	0.0	0.0
k__Bacteria|p__Bacteroidetes|c__Sphingobacteriia|o__Sphingobacteriales	0.0	19.13565	0.0	0.0	0.0	0.0	0.0	0.0	0.0	0.0	0.0	0.0	0.0	0.0	0.0	0.0	0.0	0.0	0.0	0.0	0.0
k__Bacteria|p__Bacteroidetes|c__Sphingobacteriia|o__Sphingobacteriales|f__Sphingobacteriaceae	0.0	19.13565	0.0	0.0	0.0	0.0	0.0	0.0	0.0	0.0	0.0	0.0	0.0	0.0	0.0	0.0	0.0	0.0	0.0	0.0	0.0
k__Bacteria|p__Bacteroidetes|c__Sphingobacteriia|o__Sphingobacteriales|f__Sphingobacteriaceae|g__Pedobacter	0.0	19.13565	0.0	0.0	0.0	0.0	0.0	0.0	0.0	0.0	0.0	0.0	0.0	0.0	0.0	0.0	0.0	0.0	0.0	0.0	0.0
k__Bacteria|p__Bacteroidetes|c__Sphingobacteriia|o__Sphingobacteriales|f__Sphingobacteriaceae|g__Pedobacter|s__Pedobacter_unclassified	0.0	19.13565	0.0	0.0	0.0	0.0	0.0	0.0	0.0	0.0	0.0	0.0	0.0	0.0	0.0	0.0	0.0	0.0	0.0	0.0	0.0
k__Bacteria|p__Cyanobacteria	0.0	0.0	0.0	0.0	0.0	17.62998	0.0	0.0	0.0	0.0	0.0	0.0	3.15801	0.0	0.0	0.0	0.0	0.0	0.0	0.0	0.0
k__Bacteria|p__Cyanobacteria|c__Cyanobacteria_noname	0.0	0.0	0.0	0.0	0.0	17.62998	0.0	0.0	0.0	0.0	0.0	0.0	3.15801	0.0	0.0	0.0	0.0	0.0	0.0	0.0	0.0
k__Bacteria|p__Cyanobacteria|c__Cyanobacteria_noname|o__Oscillatoriales	0.0	0.0	0.0	0.0	0.0	17.62998	0.0	0.0	0.0	0.0	0.0	0.0	3.15801	0.0	0.0	0.0	0.0	0.0	0.0	0.0	0.0
k__Bacteria|p__Cyanobacteria|c__Cyanobacteria_noname|o__Oscillatoriales|f__Oscillatoriales_noname	0.0	0.0	0.0	0.0	0.0	17.62998	0.0	0.0	0.0	0.0	0.0	0.0	3.15801	0.0	0.0	0.0	0.0	0.0	0.0	0.0	0.0
k__Bacteria|p__Cyanobacteria|c__Cyanobacteria_noname|o__Oscillatoriales|f__Oscillatoriales_noname|g__Microcoleus	0.0	0.0	0.0	0.0	0.0	17.62998	0.0	0.0	0.0	0.0	0.0	0.0	3.15801	0.0	0.0	0.0	0.0	0.0	0.0	0.0	0.0
k__Bacteria|p__Cyanobacteria|c__Cyanobacteria_noname|o__Oscillatoriales|f__Oscillatoriales_noname|g__Microcoleus|s__Microcoleus_unclassified	0.0	0.0	0.0	0.0	0.0	17.62998	0.0	0.0	0.0	0.0	0.0	0.0	3.15801	0.0	0.0	0.0	0.0	0.0	0.0	0.0	0.0
k__Bacteria|p__Deinococcus_Thermus	0.62823	0.28834	0.0	0.0	0.0	0.0	0.0	0.0	0.0	0.0	0.0	0.0	3.81767	0.0	0.0	0.0	0.0	6.76458	0.0	0.0	0.0
k__Bacteria|p__Deinococcus_Thermus|c__Deinococci	0.62823	0.28834	0.0	0.0	0.0	0.0	0.0	0.0	0.0	0.0	0.0	0.0	3.81767	0.0	0.0	0.0	0.0	6.76458	0.0	0.0	0.0
k__Bacteria|p__Deinococcus_Thermus|c__Deinococci|o__Deinococcales	0.62823	0.28834	0.0	0.0	0.0	0.0	0.0	0.0	0.0	0.0	0.0	0.0	3.81767	0.0	0.0	0.0	0.0	6.76458	0.0	0.0	0.0
k__Bacteria|p__Deinococcus_Thermus|c__Deinococci|o__Deinococcales|f__Deinococcaceae	0.62823	0.28834	0.0	0.0	0.0	0.0	0.0	0.0	0.0	0.0	0.0	0.0	3.81767	0.0	0.0	0.0	0.0	6.76458	0.0	0.0	0.0
k__Bacteria|p__Deinococcus_Thermus|c__Deinococci|o__Deinococcales|f__Deinococcaceae|g__Deinococcus	0.62823	0.28834	0.0	0.0	0.0	0.0	0.0	0.0	0.0	0.0	0.0	0.0	3.81767	0.0	0.0	0.0	0.0	6.76458	0.0	0.0	0.0
k__Bacteria|p__Deinococcus_Thermus|c__Deinococci|o__Deinococcales|f__Deinococcaceae|g__Deinococcus|s__Deinococcus_unclassified	0.62823	0.28834	0.0	0.0	0.0	0.0	0.0	0.0	0.0	0.0	0.0	0.0	3.81767	0.0	0.0	0.0	0.0	6.76458	0.0	0.0	0.0
k__Bacteria|p__Proteobacteria	77.11889	75.32246	0.0	2.25199	100.0	82.37002	100.0	54.25789	0.0	0.0	0.0	0.0	52.93569	63.02773	91.93289	84.39777	94.39863	30.57417	97.73514	51.03494	100.0
k__Bacteria|p__Proteobacteria|c__Alphaproteobacteria	63.63971	0.0	0.0	0.0	0.0	0.0	0.0	0.0	0.0	0.0	0.0	0.0	0.0	0.0	0.0	0.0	0.0	0.0	0.0	0.0	0.0
k__Bacteria|p__Proteobacteria|c__Alphaproteobacteria|o__Rhizobiales	60.76495	0.0	0.0	0.0	0.0	0.0	0.0	0.0	0.0	0.0	0.0	0.0	0.0	0.0	0.0	0.0	0.0	0.0	0.0	0.0	0.0
k__Bacteria|p__Proteobacteria|c__Alphaproteobacteria|o__Rhizobiales|f__Bradyrhizobiaceae	60.76495	0.0	0.0	0.0	0.0	0.0	0.0	0.0	0.0	0.0	0.0	0.0	0.0	0.0	0.0	0.0	0.0	0.0	0.0	0.0	0.0
k__Bacteria|p__Proteobacteria|c__Alphaproteobacteria|o__Rhizobiales|f__Bradyrhizobiaceae|g__Bradyrhizobium	60.76495	0.0	0.0	0.0	0.0	0.0	0.0	0.0	0.0	0.0	0.0	0.0	0.0	0.0	0.0	0.0	0.0	0.0	0.0	0.0	0.0
k__Bacteria|p__Proteobacteria|c__Alphaproteobacteria|o__Rhizobiales|f__Bradyrhizobiaceae|g__Bradyrhizobium|s__Bradyrhizobium_sp_DFCI_1	60.76495	0.0	0.0	0.0	0.0	0.0	0.0	0.0	0.0	0.0	0.0	0.0	0.0	0.0	0.0	0.0	0.0	0.0	0.0	0.0	0.0
k__Bacteria|p__Proteobacteria|c__Alphaproteobacteria|o__Rhizobiales|f__Bradyrhizobiaceae|g__Bradyrhizobium|s__Bradyrhizobium_sp_DFCI_1|t__GCF_000465325	60.76495	0.0	0.0	0.0	0.0	0.0	0.0	0.0	0.0	0.0	0.0	0.0	0.0	0.0	0.0	0.0	0.0	0.0	0.0	0.0	0.0
k__Bacteria|p__Proteobacteria|c__Alphaproteobacteria|o__Rhodospirillales	2.70048	0.0	0.0	0.0	0.0	0.0	0.0	0.0	0.0	0.0	0.0	0.0	0.0	0.0	0.0	0.0	0.0	0.0	0.0	0.0	0.0
k__Bacteria|p__Proteobacteria|c__Alphaproteobacteria|o__Rhodospirillales|f__Rhodospirillaceae	2.70048	0.0	0.0	0.0	0.0	0.0	0.0	0.0	0.0	0.0	0.0	0.0	0.0	0.0	0.0	0.0	0.0	0.0	0.0	0.0	0.0
k__Bacteria|p__Proteobacteria|c__Alphaproteobacteria|o__Rhodospirillales|f__Rhodospirillaceae|g__Azospirillum	2.70048	0.0	0.0	0.0	0.0	0.0	0.0	0.0	0.0	0.0	0.0	0.0	0.0	0.0	0.0	0.0	0.0	0.0	0.0	0.0	0.0
k__Bacteria|p__Proteobacteria|c__Alphaproteobacteria|o__Rhodospirillales|f__Rhodospirillaceae|g__Azospirillum|s__Azospirillum_lipoferum	1.56006	0.0	0.0	0.0	0.0	0.0	0.0	0.0	0.0	0.0	0.0	0.0	0.0	0.0	0.0	0.0	0.0	0.0	0.0	0.0	0.0
k__Bacteria|p__Proteobacteria|c__Alphaproteobacteria|o__Rhodospirillales|f__Rhodospirillaceae|g__Azospirillum|s__Azospirillum_lipoferum|t__Azospirillum_lipoferum_unclassified	1.56006	0.0	0.0	0.0	0.0	0.0	0.0	0.0	0.0	0.0	0.0	0.0	0.0	0.0	0.0	0.0	0.0	0.0	0.0	0.0	0.0
k__Bacteria|p__Proteobacteria|c__Alphaproteobacteria|o__Rhodospirillales|f__Rhodospirillaceae|g__Azospirillum|s__Azospirillum_unclassified	1.14042	0.0	0.0	0.0	0.0	0.0	0.0	0.0	0.0	0.0	0.0	0.0	0.0	0.0	0.0	0.0	0.0	0.0	0.0	0.0	0.0
k__Bacteria|p__Proteobacteria|c__Alphaproteobacteria|o__Sphingomonadales	0.17428	0.0	0.0	0.0	0.0	0.0	0.0	0.0	0.0	0.0	0.0	0.0	0.0	0.0	0.0	0.0	0.0	0.0	0.0	0.0	0.0
k__Bacteria|p__Proteobacteria|c__Alphaproteobacteria|o__Sphingomonadales|f__Sphingomonadaceae	0.17428	0.0	0.0	0.0	0.0	0.0	0.0	0.0	0.0	0.0	0.0	0.0	0.0	0.0	0.0	0.0	0.0	0.0	0.0	0.0	0.0
k__Bacteria|p__Proteobacteria|c__Alphaproteobacteria|o__Sphingomonadales|f__Sphingomonadaceae|g__Sphingobium	0.17428	0.0	0.0	0.0	0.0	0.0	0.0	0.0	0.0	0.0	0.0	0.0	0.0	0.0	0.0	0.0	0.0	0.0	0.0	0.0	0.0
k__Bacteria|p__Proteobacteria|c__Alphaproteobacteria|o__Sphingomonadales|f__Sphingomonadaceae|g__Sphingobium|s__Sphingobium_yanoikuyae	0.17428	0.0	0.0	0.0	0.0	0.0	0.0	0.0	0.0	0.0	0.0	0.0	0.0	0.0	0.0	0.0	0.0	0.0	0.0	0.0	0.0
k__Bacteria|p__Proteobacteria|c__Alphaproteobacteria|o__Sphingomonadales|f__Sphingomonadaceae|g__Sphingobium|s__Sphingobium_yanoikuyae|t__Sphingobium_yanoikuyae_unclassified	0.17428	0.0	0.0	0.0	0.0	0.0	0.0	0.0	0.0	0.0	0.0	0.0	0.0	0.0	0.0	0.0	0.0	0.0	0.0	0.0	0.0
k__Bacteria|p__Proteobacteria|c__Betaproteobacteria	4.11765	27.29273	0.0	0.0	0.0	0.0	0.0	0.0	0.0	0.0	0.0	0.0	0.0	0.0	3.6219	0.0	0.37244	3.33183	2.9156	42.8543	0.0
k__Bacteria|p__Proteobacteria|c__Betaproteobacteria|o__Burkholderiales	4.11765	27.29273	0.0	0.0	0.0	0.0	0.0	0.0	0.0	0.0	0.0	0.0	0.0	0.0	3.6219	0.0	0.37244	3.33183	2.9156	42.8543	0.0
k__Bacteria|p__Proteobacteria|c__Betaproteobacteria|o__Burkholderiales|f__Comamonadaceae	4.11765	26.89259	0.0	0.0	0.0	0.0	0.0	0.0	0.0	0.0	0.0	0.0	0.0	0.0	3.6219	0.0	0.37244	3.33183	2.9156	42.8543	0.0
k__Bacteria|p__Proteobacteria|c__Betaproteobacteria|o__Burkholderiales|f__Comamonadaceae|g__Acidovorax	3.20943	26.89259	0.0	0.0	0.0	0.0	0.0	0.0	0.0	0.0	0.0	0.0	0.0	0.0	3.6219	0.0	0.37244	3.33183	0.0	42.8543	0.0
k__Bacteria|p__Proteobacteria|c__Betaproteobacteria|o__Burkholderiales|f__Comamonadaceae|g__Acidovorax|s__Acidovorax_avenae	3.12978	26.01537	0.0	0.0	0.0	0.0	0.0	0.0	0.0	0.0	0.0	0.0	0.0	0.0	3.6219	0.0	0.37244	3.33183	0.0	42.8543	0.0
k__Bacteria|p__Proteobacteria|c__Betaproteobacteria|o__Burkholderiales|f__Comamonadaceae|g__Acidovorax|s__Acidovorax_avenae|t__Acidovorax_avenae_unclassified	3.12978	26.01537	0.0	0.0	0.0	0.0	0.0	0.0	0.0	0.0	0.0	0.0	0.0	0.0	3.6219	0.0	0.37244	3.33183	0.0	42.8543	0.0
k__Bacteria|p__Proteobacteria|c__Betaproteobacteria|o__Burkholderiales|f__Comamonadaceae|g__Acidovorax|s__Acidovorax_citrulli	0.0	0.87722	0.0	0.0	0.0	0.0	0.0	0.0	0.0	0.0	0.0	0.0	0.0	0.0	0.0	0.0	0.0	0.0	0.0	0.0	0.0
k__Bacteria|p__Proteobacteria|c__Betaproteobacteria|o__Burkholderiales|f__Comamonadaceae|g__Acidovorax|s__Acidovorax_citrulli|t__Acidovorax_citrulli_unclassified	0.0	0.87722	0.0	0.0	0.0	0.0	0.0	0.0	0.0	0.0	0.0	0.0	0.0	0.0	0.0	0.0	0.0	0.0	0.0	0.0	0.0
k__Bacteria|p__Proteobacteria|c__Betaproteobacteria|o__Burkholderiales|f__Comamonadaceae|g__Acidovorax|s__Acidovorax_ebreus	0.07965	0.0	0.0	0.0	0.0	0.0	0.0	0.0	0.0	0.0	0.0	0.0	0.0	0.0	0.0	0.0	0.0	0.0	0.0	0.0	0.0
k__Bacteria|p__Proteobacteria|c__Betaproteobacteria|o__Burkholderiales|f__Comamonadaceae|g__Acidovorax|s__Acidovorax_ebreus|t__GCF_000022305	0.07965	0.0	0.0	0.0	0.0	0.0	0.0	0.0	0.0	0.0	0.0	0.0	0.0	0.0	0.0	0.0	0.0	0.0	0.0	0.0	0.0
k__Bacteria|p__Proteobacteria|c__Betaproteobacteria|o__Burkholderiales|f__Comamonadaceae|g__Alicycliphilus	0.90822	0.0	0.0	0.0	0.0	0.0	0.0	0.0	0.0	0.0	0.0	0.0	0.0	0.0	0.0	0.0	0.0	0.0	0.0	0.0	0.0
k__Bacteria|p__Proteobacteria|c__Betaproteobacteria|o__Burkholderiales|f__Comamonadaceae|g__Alicycliphilus|s__Alicycliphilus_unclassified	0.90822	0.0	0.0	0.0	0.0	0.0	0.0	0.0	0.0	0.0	0.0	0.0	0.0	0.0	0.0	0.0	0.0	0.0	0.0	0.0	0.0
k__Bacteria|p__Proteobacteria|c__Betaproteobacteria|o__Burkholderiales|f__Comamonadaceae|g__Comamonas	0.0	0.0	0.0	0.0	0.0	0.0	0.0	0.0	0.0	0.0	0.0	0.0	0.0	0.0	0.0	0.0	0.0	0.0	2.9156	0.0	0.0
k__Bacteria|p__Proteobacteria|c__Betaproteobacteria|o__Burkholderiales|f__Comamonadaceae|g__Comamonas|s__Comamonas_unclassified	0.0	0.0	0.0	0.0	0.0	0.0	0.0	0.0	0.0	0.0	0.0	0.0	0.0	0.0	0.0	0.0	0.0	0.0	2.9156	0.0	0.0
k__Bacteria|p__Proteobacteria|c__Betaproteobacteria|o__Burkholderiales|f__Oxalobacteraceae	0.0	0.40014	0.0	0.0	0.0	0.0	0.0	0.0	0.0	0.0	0.0	0.0	0.0	0.0	0.0	0.0	0.0	0.0	0.0	0.0	0.0
k__Bacteria|p__Proteobacteria|c__Betaproteobacteria|o__Burkholderiales|f__Oxalobacteraceae|g__Massilia	0.0	0.40014	0.0	0.0	0.0	0.0	0.0	0.0	0.0	0.0	0.0	0.0	0.0	0.0	0.0	0.0	0.0	0.0	0.0	0.0	0.0
k__Bacteria|p__Proteobacteria|c__Betaproteobacteria|o__Burkholderiales|f__Oxalobacteraceae|g__Massilia|s__Massilia_unclassified	0.0	0.40014	0.0	0.0	0.0	0.0	0.0	0.0	0.0	0.0	0.0	0.0	0.0	0.0	0.0	0.0	0.0	0.0	0.0	0.0	0.0
k__Bacteria|p__Proteobacteria|c__Gammaproteobacteria	9.36153	48.02973	0.0	2.25199	100.0	82.37002	100.0	54.25789	0.0	0.0	0.0	0.0	52.93569	63.02773	88.31099	84.39777	94.02619	27.24234	94.81954	8.18064	100.0
k__Bacteria|p__Proteobacteria|c__Gammaproteobacteria|o__Enterobacteriales	7.345	10.79087	0.0	0.0	0.0	36.43346	0.0	0.0	0.0	0.0	0.0	0.0	13.28124	13.47376	11.94567	61.66713	49.42552	17.59381	94.81954	8.18064	0.0
k__Bacteria|p__Proteobacteria|c__Gammaproteobacteria|o__Enterobacteriales|f__Enterobacteriaceae	7.345	10.79087	0.0	0.0	0.0	36.43346	0.0	0.0	0.0	0.0	0.0	0.0	13.28124	13.47376	11.94567	61.66713	49.42552	17.59381	94.81954	8.18064	0.0
k__Bacteria|p__Proteobacteria|c__Gammaproteobacteria|o__Enterobacteriales|f__Enterobacteriaceae|g__Buchnera	0.0	0.0	0.0	0.0	0.0	0.0	0.0	0.0	0.0	0.0	0.0	0.0	0.0	13.47376	0.0	0.0	0.0	0.0	0.0	0.0	0.0
k__Bacteria|p__Proteobacteria|c__Gammaproteobacteria|o__Enterobacteriales|f__Enterobacteriaceae|g__Buchnera|s__Buchnera_aphidicola	0.0	0.0	0.0	0.0	0.0	0.0	0.0	0.0	0.0	0.0	0.0	0.0	0.0	13.47376	0.0	0.0	0.0	0.0	0.0	0.0	0.0
k__Bacteria|p__Proteobacteria|c__Gammaproteobacteria|o__Enterobacteriales|f__Enterobacteriaceae|g__Buchnera|s__Buchnera_aphidicola|t__Buchnera_aphidicola_unclassified	0.0	0.0	0.0	0.0	0.0	0.0	0.0	0.0	0.0	0.0	0.0	0.0	0.0	13.47376	0.0	0.0	0.0	0.0	0.0	0.0	0.0
k__Bacteria|p__Proteobacteria|c__Gammaproteobacteria|o__Enterobacteriales|f__Enterobacteriaceae|g__Enterobacter	0.0	0.0	0.0	0.0	0.0	0.0	0.0	0.0	0.0	0.0	0.0	0.0	0.0	0.0	0.0	0.0	0.0	0.0	91.64109	0.0	0.0
k__Bacteria|p__Proteobacteria|c__Gammaproteobacteria|o__Enterobacteriales|f__Enterobacteriaceae|g__Enterobacter|s__Enterobacter_cloacae	0.0	0.0	0.0	0.0	0.0	0.0	0.0	0.0	0.0	0.0	0.0	0.0	0.0	0.0	0.0	0.0	0.0	0.0	91.64109	0.0	0.0
k__Bacteria|p__Proteobacteria|c__Gammaproteobacteria|o__Enterobacteriales|f__Enterobacteriaceae|g__Enterobacter|s__Enterobacter_cloacae|t__Enterobacter_cloacae_unclassified	0.0	0.0	0.0	0.0	0.0	0.0	0.0	0.0	0.0	0.0	0.0	0.0	0.0	0.0	0.0	0.0	0.0	0.0	91.64109	0.0	0.0
k__Bacteria|p__Proteobacteria|c__Gammaproteobacteria|o__Enterobacteriales|f__Enterobacteriaceae|g__Escherichia	0.0	0.0	0.0	0.0	0.0	0.0	0.0	0.0	0.0	0.0	0.0	0.0	0.0	0.0	0.0	0.0	0.0	17.59381	3.17844	0.0	0.0
k__Bacteria|p__Proteobacteria|c__Gammaproteobacteria|o__Enterobacteriales|f__Enterobacteriaceae|g__Escherichia|s__Escherichia_unclassified	0.0	0.0	0.0	0.0	0.0	0.0	0.0	0.0	0.0	0.0	0.0	0.0	0.0	0.0	0.0	0.0	0.0	17.59381	3.17844	0.0	0.0
k__Bacteria|p__Proteobacteria|c__Gammaproteobacteria|o__Enterobacteriales|f__Enterobacteriaceae|g__Pantoea	7.345	10.79087	0.0	0.0	0.0	36.43346	0.0	0.0	0.0	0.0	0.0	0.0	13.28124	0.0	11.94567	61.66713	49.42552	0.0	0.0	0.0	0.0
k__Bacteria|p__Proteobacteria|c__Gammaproteobacteria|o__Enterobacteriales|f__Enterobacteriaceae|g__Pantoea|s__Pantoea_agglomerans	1.46985	8.24316	0.0	0.0	0.0	0.0	0.0	0.0	0.0	0.0	0.0	0.0	0.0	0.0	11.25573	8.76033	8.69983	0.0	0.0	0.0	0.0
k__Bacteria|p__Proteobacteria|c__Gammaproteobacteria|o__Enterobacteriales|f__Enterobacteriaceae|g__Pantoea|s__Pantoea_agglomerans|t__Pantoea_agglomerans_unclassified	1.46985	8.24316	0.0	0.0	0.0	0.0	0.0	0.0	0.0	0.0	0.0	0.0	0.0	0.0	11.25573	8.76033	8.69983	0.0	0.0	0.0	0.0
k__Bacteria|p__Proteobacteria|c__Gammaproteobacteria|o__Enterobacteriales|f__Enterobacteriaceae|g__Pantoea|s__Pantoea_ananatis	0.0	2.54771	0.0	0.0	0.0	0.0	0.0	0.0	0.0	0.0	0.0	0.0	0.0	0.0	0.68994	0.0	11.57399	0.0	0.0	0.0	0.0
k__Bacteria|p__Proteobacteria|c__Gammaproteobacteria|o__Enterobacteriales|f__Enterobacteriaceae|g__Pantoea|s__Pantoea_ananatis|t__Pantoea_ananatis_unclassified	0.0	2.54771	0.0	0.0	0.0	0.0	0.0	0.0	0.0	0.0	0.0	0.0	0.0	0.0	0.68994	0.0	11.57399	0.0	0.0	0.0	0.0
k__Bacteria|p__Proteobacteria|c__Gammaproteobacteria|o__Enterobacteriales|f__Enterobacteriaceae|g__Pantoea|s__Pantoea_unclassified	5.87515	0.0	0.0	0.0	0.0	36.43346	0.0	0.0	0.0	0.0	0.0	0.0	13.28124	0.0	0.0	52.9068	29.1517	0.0	0.0	0.0	0.0
k__Bacteria|p__Proteobacteria|c__Gammaproteobacteria|o__Enterobacteriales|f__Enterobacteriaceae|g__Providencia	0.0	0.0	0.0	0.0	0.0	0.0	0.0	0.0	0.0	0.0	0.0	0.0	0.0	0.0	0.0	0.0	0.0	0.0	0.0	8.18064	0.0
k__Bacteria|p__Proteobacteria|c__Gammaproteobacteria|o__Enterobacteriales|f__Enterobacteriaceae|g__Providencia|s__Providencia_rettgeri	0.0	0.0	0.0	0.0	0.0	0.0	0.0	0.0	0.0	0.0	0.0	0.0	0.0	0.0	0.0	0.0	0.0	0.0	0.0	8.18064	0.0
k__Bacteria|p__Proteobacteria|c__Gammaproteobacteria|o__Enterobacteriales|f__Enterobacteriaceae|g__Providencia|s__Providencia_rettgeri|t__Providencia_rettgeri_unclassified	0.0	0.0	0.0	0.0	0.0	0.0	0.0	0.0	0.0	0.0	0.0	0.0	0.0	0.0	0.0	0.0	0.0	0.0	0.0	8.18064	0.0
k__Bacteria|p__Proteobacteria|c__Gammaproteobacteria|o__Pseudomonadales	2.01653	37.23886	0.0	2.25199	100.0	45.93656	100.0	54.25789	0.0	0.0	0.0	0.0	39.65445	49.55397	76.36532	22.73065	44.60067	9.64853	0.0	0.0	100.0
k__Bacteria|p__Proteobacteria|c__Gammaproteobacteria|o__Pseudomonadales|f__Moraxellaceae	1.73817	32.74926	0.0	2.25199	100.0	45.93656	100.0	31.00309	0.0	0.0	0.0	0.0	15.87705	29.42983	76.36532	22.73065	25.81756	9.64853	0.0	0.0	100.0
k__Bacteria|p__Proteobacteria|c__Gammaproteobacteria|o__Pseudomonadales|f__Moraxellaceae|g__Acinetobacter	1.73817	32.74926	0.0	2.25199	100.0	45.93656	100.0	31.00309	0.0	0.0	0.0	0.0	15.87705	29.42983	76.36532	22.73065	25.81756	9.64853	0.0	0.0	100.0
k__Bacteria|p__Proteobacteria|c__Gammaproteobacteria|o__Pseudomonadales|f__Moraxellaceae|g__Acinetobacter|s__Acinetobacter_johnsonii	0.0	0.0	0.0	2.25199	100.0	45.93656	100.0	20.63641	0.0	0.0	0.0	0.0	15.87705	29.42983	51.89543	14.30012	0.0	0.0	0.0	0.0	0.0
k__Bacteria|p__Proteobacteria|c__Gammaproteobacteria|o__Pseudomonadales|f__Moraxellaceae|g__Acinetobacter|s__Acinetobacter_johnsonii|t__Acinetobacter_johnsonii_unclassified	0.0	0.0	0.0	2.25199	100.0	45.93656	100.0	20.63641	0.0	0.0	0.0	0.0	15.87705	29.42983	51.89543	14.30012	0.0	0.0	0.0	0.0	0.0
k__Bacteria|p__Proteobacteria|c__Gammaproteobacteria|o__Pseudomonadales|f__Moraxellaceae|g__Acinetobacter|s__Acinetobacter_pittii_calcoaceticus_nosocomialis	0.49014	32.74926	0.0	0.0	0.0	0.0	0.0	10.36669	0.0	0.0	0.0	0.0	0.0	0.0	24.46989	8.43053	25.81756	9.64853	0.0	0.0	100.0
k__Bacteria|p__Proteobacteria|c__Gammaproteobacteria|o__Pseudomonadales|f__Moraxellaceae|g__Acinetobacter|s__Acinetobacter_pittii_calcoaceticus_nosocomialis|t__Acinetobacter_pittii_calcoaceticus_nosocomialis_unclassified	0.49014	32.74926	0.0	0.0	0.0	0.0	0.0	10.36669	0.0	0.0	0.0	0.0	0.0	0.0	24.46989	8.43053	25.81756	9.64853	0.0	0.0	100.0
k__Bacteria|p__Proteobacteria|c__Gammaproteobacteria|o__Pseudomonadales|f__Moraxellaceae|g__Acinetobacter|s__Acinetobacter_unclassified	1.24803	0.0	0.0	0.0	0.0	0.0	0.0	0.0	0.0	0.0	0.0	0.0	0.0	0.0	0.0	0.0	0.0	0.0	0.0	0.0	0.0
k__Bacteria|p__Proteobacteria|c__Gammaproteobacteria|o__Pseudomonadales|f__Pseudomonadaceae	0.27836	4.48959	0.0	0.0	0.0	0.0	0.0	23.2548	0.0	0.0	0.0	0.0	23.7774	20.12414	0.0	0.0	18.78311	0.0	0.0	0.0	0.0
k__Bacteria|p__Proteobacteria|c__Gammaproteobacteria|o__Pseudomonadales|f__Pseudomonadaceae|g__Pseudomonas	0.27836	4.48959	0.0	0.0	0.0	0.0	0.0	23.2548	0.0	0.0	0.0	0.0	23.7774	20.12414	0.0	0.0	18.78311	0.0	0.0	0.0	0.0
k__Bacteria|p__Proteobacteria|c__Gammaproteobacteria|o__Pseudomonadales|f__Pseudomonadaceae|g__Pseudomonas|s__Pseudomonas_psychrotolerans	0.27836	0.77448	0.0	0.0	0.0	0.0	0.0	0.0	0.0	0.0	0.0	0.0	0.0	0.0	0.0	0.0	0.0	0.0	0.0	0.0	0.0
k__Bacteria|p__Proteobacteria|c__Gammaproteobacteria|o__Pseudomonadales|f__Pseudomonadaceae|g__Pseudomonas|s__Pseudomonas_psychrotolerans|t__GCF_000236825	0.27836	0.77448	0.0	0.0	0.0	0.0	0.0	0.0	0.0	0.0	0.0	0.0	0.0	0.0	0.0	0.0	0.0	0.0	0.0	0.0	0.0
k__Bacteria|p__Proteobacteria|c__Gammaproteobacteria|o__Pseudomonadales|f__Pseudomonadaceae|g__Pseudomonas|s__Pseudomonas_putida	0.0	3.21583	0.0	0.0	0.0	0.0	0.0	0.0	0.0	0.0	0.0	0.0	0.0	0.0	0.0	0.0	0.0	0.0	0.0	0.0	0.0
k__Bacteria|p__Proteobacteria|c__Gammaproteobacteria|o__Pseudomonadales|f__Pseudomonadaceae|g__Pseudomonas|s__Pseudomonas_putida|t__Pseudomonas_putida_unclassified	0.0	3.21583	0.0	0.0	0.0	0.0	0.0	0.0	0.0	0.0	0.0	0.0	0.0	0.0	0.0	0.0	0.0	0.0	0.0	0.0	0.0
k__Bacteria|p__Proteobacteria|c__Gammaproteobacteria|o__Pseudomonadales|f__Pseudomonadaceae|g__Pseudomonas|s__Pseudomonas_unclassified	0.0	0.49928	0.0	0.0	0.0	0.0	0.0	23.2548	0.0	0.0	0.0	0.0	23.7774	20.12414	0.0	0.0	18.78311	0.0	0.0	0.0	0.0
k__Viruses	0.0	0.0	100.0	97.74801	0.0	0.0	0.0	45.74211	100.0	100.0	92.38222	69.57327	40.08863	25.44693	4.54478	15.60223	5.60137	61.40405	0.0	2.04629	0.0
k__Viruses|p__Viruses_noname	0.0	0.0	100.0	97.74801	0.0	0.0	0.0	45.74211	100.0	100.0	92.38222	69.57327	40.08863	25.44693	4.54478	15.60223	5.60137	61.40405	0.0	2.04629	0.0
k__Viruses|p__Viruses_noname|c__Viruses_noname	0.0	0.0	100.0	97.74801	0.0	0.0	0.0	45.74211	100.0	100.0	92.38222	69.57327	40.08863	25.44693	4.54478	15.60223	5.60137	61.40405	0.0	2.04629	0.0
k__Viruses|p__Viruses_noname|c__Viruses_noname|o__Viruses_noname	0.0	0.0	100.0	97.74801	0.0	0.0	0.0	45.74211	100.0	100.0	92.38222	69.57327	40.08863	25.44693	4.54478	15.60223	5.60137	61.40405	0.0	2.04629	0.0
k__Viruses|p__Viruses_noname|c__Viruses_noname|o__Viruses_noname|f__Adenoviridae	0.0	0.0	0.0	0.0	0.0	0.0	0.0	0.0	0.0	0.0	0.0	0.0	0.0	0.0	0.0	0.0	0.0	0.0	0.0	2.04629	0.0
k__Viruses|p__Viruses_noname|c__Viruses_noname|o__Viruses_noname|f__Adenoviridae|g__Mastadenovirus	0.0	0.0	0.0	0.0	0.0	0.0	0.0	0.0	0.0	0.0	0.0	0.0	0.0	0.0	0.0	0.0	0.0	0.0	0.0	2.04629	0.0
k__Viruses|p__Viruses_noname|c__Viruses_noname|o__Viruses_noname|f__Adenoviridae|g__Mastadenovirus|s__Human_adenovirus_B	0.0	0.0	0.0	0.0	0.0	0.0	0.0	0.0	0.0	0.0	0.0	0.0	0.0	0.0	0.0	0.0	0.0	0.0	0.0	2.04629	0.0
k__Viruses|p__Viruses_noname|c__Viruses_noname|o__Viruses_noname|f__Adenoviridae|g__Mastadenovirus|s__Human_adenovirus_B|t__Human_adenovirus_B_unclassified	0.0	0.0	0.0	0.0	0.0	0.0	0.0	0.0	0.0	0.0	0.0	0.0	0.0	0.0	0.0	0.0	0.0	0.0	0.0	2.04629	0.0
k__Viruses|p__Viruses_noname|c__Viruses_noname|o__Viruses_noname|f__Orthomyxoviridae	0.0	0.0	100.0	97.74801	0.0	0.0	0.0	45.74211	100.0	100.0	92.38222	69.57327	40.08863	25.44693	4.54478	15.60223	5.60137	61.40405	0.0	0.0	0.0
k__Viruses|p__Viruses_noname|c__Viruses_noname|o__Viruses_noname|f__Orthomyxoviridae|g__Influenzavirus_A	0.0	0.0	100.0	97.74801	0.0	0.0	0.0	45.74211	100.0	100.0	92.38222	69.57327	40.08863	25.44693	4.54478	15.60223	5.60137	0.0	0.0	0.0	0.0
k__Viruses|p__Viruses_noname|c__Viruses_noname|o__Viruses_noname|f__Orthomyxoviridae|g__Influenzavirus_A|s__Influenza_A_virus	0.0	0.0	100.0	97.74801	0.0	0.0	0.0	45.74211	100.0	100.0	92.38222	69.57327	40.08863	25.44693	4.54478	15.60223	5.60137	0.0	0.0	0.0	0.0
k__Viruses|p__Viruses_noname|c__Viruses_noname|o__Viruses_noname|f__Orthomyxoviridae|g__Influenzavirus_A|s__Influenza_A_virus|t__Influenza_A_virus_unclassified	0.0	0.0	100.0	97.74801	0.0	0.0	0.0	45.74211	100.0	100.0	92.38222	69.57327	40.08863	25.44693	4.54478	15.60223	5.60137	0.0	0.0	0.0	0.0
k__Viruses|p__Viruses_noname|c__Viruses_noname|o__Viruses_noname|f__Orthomyxoviridae|g__Influenzavirus_B	0.0	0.0	0.0	0.0	0.0	0.0	0.0	0.0	0.0	0.0	0.0	0.0	0.0	0.0	0.0	0.0	0.0	61.40405	0.0	0.0	0.0
k__Viruses|p__Viruses_noname|c__Viruses_noname|o__Viruses_noname|f__Orthomyxoviridae|g__Influenzavirus_B|s__Influenza_B_virus	0.0	0.0	0.0	0.0	0.0	0.0	0.0	0.0	0.0	0.0	0.0	0.0	0.0	0.0	0.0	0.0	0.0	61.40405	0.0	0.0	0.0
k__Viruses|p__Viruses_noname|c__Viruses_noname|o__Viruses_noname|f__Orthomyxoviridae|g__Influenzavirus_B|s__Influenza_B_virus|t__PRJNA14656	0.0	0.0	0.0	0.0	0.0	0.0	0.0	0.0	0.0	0.0	0.0	0.0	0.0	0.0	0.0	0.0	0.0	61.40405	0.0	0.0	0.0
